<?xml version="1.0" ?>
<ram-component manifest-version="2.0.02" name="PloneFields" version="0" release="2" clevel="9" modelioVersion="4.0.01" provider="">
  <description><![CDATA[]]></description>
  <dependencies></dependencies>
  <contributors></contributors>
  <metamodels>
    <metamodel name="Infrastructure" version="2.1.03"/>
    <metamodel name="Standard" version="2.3.00"/>
  </metamodels>
  <roots>
    <root metaclass="Standard.Project" name="Plone" uuid="4864a3b9-936f-416f-ad0c-a6181d10872c"/>
  </roots>
</ram-component>